{
  "project_info": {
    "project_number": "558174222460",
    "firebase_url": "https://worldcompany-74762.firebaseio.com",
    "project_id": "worldcompany-74762",
    "storage_bucket": "worldcompany-74762.appspot.com"
  },
  "client": [
    {
      "client_info": {
        "mobilesdk_app_id": "1:558174222460:android:9f1fe072d4b96f2501b1f9",
        "android_client_info": {
          "package_name": "com.example.firestore_01"
        }
      },
      "oauth_client": [
        {
          "client_id": "558174222460-2gv3l963ln3s0c21iheibha1569vkseu.apps.googleusercontent.com",
          "client_type": 3
        }
      ],
      "api_key": [
        {
          "current_key": "AIzaSyAldUswvbCbyQ2OqUv3N6eIuPXQEC8pFgQ"
        }
      ],
      "services": {
        "appinvite_service": {
          "other_platform_oauth_client": [
            {
              "client_id": "558174222460-2gv3l963ln3s0c21iheibha1569vkseu.apps.googleusercontent.com",
              "client_type": 3
            }
          ]
        }
      }
    },
    {
      "client_info": {
        "mobilesdk_app_id": "1:558174222460:android:eb5c2fdfcc9f541b01b1f9",
        "android_client_info": {
          "package_name": "com.example.todel"
        }
      },
      "oauth_client": [
        {
          "client_id": "558174222460-bn32q94gnmekioo2aq2brlnkf8oicogm.apps.googleusercontent.com",
          "client_type": 1,
          "android_info": {
            "package_name": "com.example.todel",
            "certificate_hash": "c17b3a7820a9596801bff1d3573ee7f101e63e1b"
          }
        },
        {
          "client_id": "558174222460-2gv3l963ln3s0c21iheibha1569vkseu.apps.googleusercontent.com",
          "client_type": 3
        }
      ],
      "api_key": [
        {
          "current_key": "AIzaSyAldUswvbCbyQ2OqUv3N6eIuPXQEC8pFgQ"
        }
      ],
      "services": {
        "appinvite_service": {
          "other_platform_oauth_client": [
            {
              "client_id": "558174222460-2gv3l963ln3s0c21iheibha1569vkseu.apps.googleusercontent.com",
              "client_type": 3
            }
          ]
        }
      }
    }
  ],
  "configuration_version": "1"
}